,Sname,Standard,English,IP,Math,Total,avrage
0,john,5,89,78,93,260,86.66666666666667
1,mark,5,90,43,83,216,72.0
2,tom,5,76,57,86,219,73.0
3,hank,5,95,66,85,246,82.0
4,mike,5,78,89,90,257,85.66666666666667
5,Amy,5,67,89,93,249,83.0
6,Ved,5,78,85,89,252,84.0
7,Hary,5,67,81,88,236,78.66666666666667
